{
    "type": "minecraft:jigsaw",
    "biomes": "#minecraft:has_structure/stronghold",
    "step": "surface_structures",
    "spawn_overrides": {},
    "start_pool": "lqhp:underground/underground_all",
    "size": 7,
    "start_height": {
      "type": "minecraft:uniform",
      "min_inclusive": {
        "absolute": -60
      },
      "max_inclusive": {
        "absolute": 60
      }
    },
    "max_distance_from_center": 128,
    "use_expansion_hack": false,
    "liquid_settings": "ignore_waterlogging"
  }
  