{
    "fallback": "minecraft:empty",
    "elements": [
      {
        "weight": 6,
        "element": {
          "element_type": "minecraft:single_pool_element",
          "projection": "rigid",
          "location": "lqhp:misc/crafting_table",
          "override_liquid_settings": "ignore_waterlogging",
          "processors": "minecraft:empty"
        }
      },
      {
        "weight": 6,
        "element": {
          "element_type": "minecraft:single_pool_element",
          "projection": "rigid",
          "location": "lqhp:misc/furnace",
          "override_liquid_settings": "ignore_waterlogging",
          "processors": "minecraft:empty"
        }
      },
      {
        "weight": 2,
        "element": {
          "element_type": "minecraft:single_pool_element",
          "projection": "rigid",
          "location": "lqhp:misc/lamp",
          "override_liquid_settings": "ignore_waterlogging",
          "processors": "minecraft:empty"
        }
      },
      {
        "weight": 2,
        "element": {
          "element_type": "minecraft:single_pool_element",
          "projection": "rigid",
          "location": "lqhp:misc/lamp2",
          "override_liquid_settings": "ignore_waterlogging",
          "processors": "minecraft:empty"
        }
      },
      {
        "weight": 2,
        "element": {
          "element_type": "minecraft:single_pool_element",
          "projection": "rigid",
          "location": "lqhp:misc/lamp3",
          "override_liquid_settings": "ignore_waterlogging",
          "processors": "minecraft:empty"
        }
      },
      {
        "weight": 2,
        "element": {
          "element_type": "minecraft:single_pool_element",
          "projection": "rigid",
          "location": "lqhp:misc/lamp4",
          "override_liquid_settings": "ignore_waterlogging",
          "processors": "minecraft:empty"
        }
      },
      {
        "weight": 2,
        "element": {
          "element_type": "minecraft:single_pool_element",
          "projection": "terrain_matching",
          "location": "lqhp:misc/road",
          "override_liquid_settings": "ignore_waterlogging",
          "processors": "minecraft:empty"
        }
      },
      {
        "weight": 1,
        "element": {
          "element_type": "minecraft:single_pool_element",
          "projection": "terrain_matching",
          "location": "lqhp:misc/road_long",
          "override_liquid_settings": "ignore_waterlogging",
          "processors": "minecraft:empty"
        }
      },
      {
        "weight": 2,
        "element": {
          "element_type": "minecraft:single_pool_element",
          "projection": "terrain_matching",
          "location": "lqhp:misc/villroad",
          "override_liquid_settings": "ignore_waterlogging",
          "processors": "minecraft:empty"
        }
      },
      {
        "weight": 1,
        "element": {
          "element_type": "minecraft:single_pool_element",
          "projection": "terrain_matching",
          "location": "lqhp:misc/villroad_long",
          "override_liquid_settings": "ignore_waterlogging",
          "processors": "minecraft:empty"
        }
      }
    ]
  }
  