{
    "fallback": "minecraft:empty",
    "elements": [
      {
        "weight": 1,
        "element": {
          "element_type": "minecraft:single_pool_element",
          "projection": "rigid",
          "location": "lqhp:altar/altar1",
          "override_liquid_settings": "ignore_waterlogging",
          "processors": "minecraft:empty"
        }
      },
      {
        "weight": 1,
        "element": {
          "element_type": "minecraft:single_pool_element",
          "projection": "rigid",
          "location": "lqhp:altar/altar2",
          "override_liquid_settings": "ignore_waterlogging",
          "processors": "minecraft:empty"
        }
      },
      {
        "weight": 1,
        "element": {
          "element_type": "minecraft:single_pool_element",
          "projection": "rigid",
          "location": "lqhp:altar/altar3",
          "override_liquid_settings": "ignore_waterlogging",
          "processors": "minecraft:empty"
        }
      },
      {
        "weight": 4,
        "element": {
          "element_type": "minecraft:single_pool_element",
          "projection": "rigid",
          "location": "lqhp:altar/pillar1",
          "override_liquid_settings": "ignore_waterlogging",
          "processors": "minecraft:empty"
        }
      },
      {
        "weight": 4,
        "element": {
          "element_type": "minecraft:single_pool_element",
          "projection": "rigid",
          "location": "lqhp:altar/pillar2",
          "override_liquid_settings": "ignore_waterlogging",
          "processors": "minecraft:empty"
        }
      },
      {
        "weight": 2,
        "element": {
          "element_type": "minecraft:single_pool_element",
          "projection": "rigid",
          "location": "lqhp:altar/pyramid1",
          "override_liquid_settings": "ignore_waterlogging",
          "processors": "minecraft:empty"
        }
      },
      {
        "weight": 2,
        "element": {
          "element_type": "minecraft:single_pool_element",
          "projection": "rigid",
          "location": "lqhp:altar/pyramid2",
          "override_liquid_settings": "ignore_waterlogging",
          "processors": "minecraft:empty"
        }
      },
      {
        "weight": 2,
        "element": {
          "element_type": "minecraft:single_pool_element",
          "projection": "rigid",
          "location": "lqhp:altar/pyramid3",
          "override_liquid_settings": "ignore_waterlogging",
          "processors": "minecraft:empty"
        }
      },
      {
        "weight": 2,
        "element": {
          "element_type": "minecraft:single_pool_element",
          "projection": "rigid",
          "location": "lqhp:altar/pyramid4",
          "override_liquid_settings": "ignore_waterlogging",
          "processors": "minecraft:empty"
        }
      },
      {
        "weight": 2,
        "element": {
          "element_type": "minecraft:single_pool_element",
          "projection": "rigid",
          "location": "lqhp:altar/pyramid5",
          "override_liquid_settings": "ignore_waterlogging",
          "processors": "minecraft:empty"
        }
      },
      {
        "weight": 1,
        "element": {
          "element_type": "minecraft:single_pool_element",
          "projection": "rigid",
          "location": "lqhp:altar/mid_pyramid1",
          "override_liquid_settings": "ignore_waterlogging",
          "processors": "minecraft:empty"
        }
      },
      {
        "weight": 1,
        "element": {
          "element_type": "minecraft:single_pool_element",
          "projection": "rigid",
          "location": "lqhp:altar/mid_pyramid2",
          "override_liquid_settings": "ignore_waterlogging",
          "processors": "minecraft:empty"
        }
      },
      {
        "weight": 1,
        "element": {
          "element_type": "minecraft:single_pool_element",
          "projection": "rigid",
          "location": "lqhp:altar/mid_pyramid3",
          "override_liquid_settings": "ignore_waterlogging",
          "processors": "minecraft:empty"
        }
      },
      {
        "weight": 1,
        "element": {
          "element_type": "minecraft:single_pool_element",
          "projection": "rigid",
          "location": "lqhp:altar/mid_pyramid4",
          "override_liquid_settings": "ignore_waterlogging",
          "processors": "minecraft:empty"
        }
      },
      {
        "weight": 1,
        "element": {
          "element_type": "minecraft:single_pool_element",
          "projection": "rigid",
          "location": "lqhp:altar/mid_pyramid5",
          "override_liquid_settings": "ignore_waterlogging",
          "processors": "minecraft:empty"
        }
      }
    ]
  }
  