{
    "fallback": "minecraft:empty",
    "elements": [
      {
        "weight": 3,
        "element": {
          "element_type": "minecraft:single_pool_element",
          "projection": "terrain_matching",
          "location": "lqhp:bedrock/bedrock1",
          "override_liquid_settings": "ignore_waterlogging",
          "processors": "minecraft:empty"
        }
      },
      {
        "weight": 1,
        "element": {
          "element_type": "minecraft:single_pool_element",
          "projection": "terrain_matching",
          "location": "lqhp:bedrock/bedrock2",
          "override_liquid_settings": "ignore_waterlogging",
          "processors": "minecraft:empty"
        }
      },
      {
        "weight": 3,
        "element": {
          "element_type": "minecraft:single_pool_element",
          "projection": "terrain_matching",
          "location": "lqhp:bedrock/obs1",
          "override_liquid_settings": "ignore_waterlogging",
          "processors": "minecraft:empty"
        }
      },
      {
        "weight": 1,
        "element": {
          "element_type": "minecraft:single_pool_element",
          "projection": "terrain_matching",
          "location": "lqhp:bedrock/obs2",
          "override_liquid_settings": "ignore_waterlogging",
          "processors": "minecraft:empty"
        }
      },
      {
        "weight": 4,
        "element": {
          "element_type": "minecraft:single_pool_element",
          "projection": "rigid",
          "location": "lqhp:bedrock/bedrock_tree",
          "override_liquid_settings": "ignore_waterlogging",
          "processors": "minecraft:empty"
        }
      }
    ]
  }
  