{
    "fallback": "minecraft:empty",
    "elements": [
      {
        "weight": 1,
        "element": {
          "element_type": "minecraft:single_pool_element",
          "projection": "rigid",
          "location": "lqhp:house/house1",
          "override_liquid_settings": "ignore_waterlogging",
          "processors": "minecraft:empty"
        }
      },
      {
        "weight": 1,
        "element": {
          "element_type": "minecraft:single_pool_element",
          "projection": "rigid",
          "location": "lqhp:house/house2",
          "override_liquid_settings": "ignore_waterlogging",
          "processors": "minecraft:empty"
        }
      },
      {
        "weight": 1,
        "element": {
          "element_type": "minecraft:single_pool_element",
          "projection": "rigid",
          "location": "lqhp:house/house3",
          "override_liquid_settings": "ignore_waterlogging",
          "processors": "minecraft:empty"
        }
      },
      {
        "weight": 1,
        "element": {
          "element_type": "minecraft:single_pool_element",
          "projection": "rigid",
          "location": "lqhp:house/house4",
          "override_liquid_settings": "ignore_waterlogging",
          "processors": "minecraft:empty"
        }
      },
      {
        "weight": 1,
        "element": {
          "element_type": "minecraft:single_pool_element",
          "projection": "rigid",
          "location": "lqhp:house/outdoor_base",
          "override_liquid_settings": "ignore_waterlogging",
          "processors": "minecraft:empty"
        }
      }
    ]
  }
  