{
    "display": {
      "icon": {
        "id": "minecraft:grass_block",
        "count": 1
      },
      "title": "LQHP был успешно загружен",
      "description": "Да будет веселье...",
      "frame": "goal",
      "show_toast": true,
      "announce_to_chat": true,
      "hidden": false
    },
    "criteria": {
      "requirement": {
        "trigger": "minecraft:location",
        "conditions": {
          "player": [
            {
              "condition": "minecraft:entity_properties",
              "entity": "this",
              "predicate": {
                "location": {
                  "dimension": "minecraft:overworld"
                }
              }
            }
          ]
        }
      }
    },
    "rewards": {
      "function": "lqhp:load"
    }
  }
  